{
	"id": "Multiplayer",
	"name": "Multiplayer",
	"display_name": "Multiplayer",
	"author": [
		"virtualized",
		"TGMM",
		"CUexter"
	],
	"description": "Allows players to compete with their friends!",
	"prefix": "mp",
	"main_file": "core.lua",
	"priority": 9007199254740990,
	"badge_colour": "AC3232",
	"badge_text_colour": "FFFFFF",
	"version": "0.2.6",
	"dependencies": [
		"Steamodded (>=1.0.0~BETA-0323b)",
		"Lovely (>=0.7)",
		"Balatro (>=1.0.1o)"
	],
	"conflicts": [
		"SystemClock (<<1.6.3)",
		"Cryptid (<<0.5.4)",
		"Talisman (<=2.0.2)",
		"VirtualizedMultiplayer"
	]
}